Building_Type,Variation_Type,Alternative_ID,LCA_Measure,Unit,A1_A3_Total,A4_A5_Total,B2_B4_B6_Total,C1_C4_Total,D_Total,A_to_C_Total,A_to_D_Total
Teaching_Building,Baseline,6.1,Eutrophication Potential,kg N eq,2765.0,434.0,79800.0,357.0,153.65,83356.0,83509.65
Teaching_Building,Baseline,6.1,Ozone Depletion Potential,kg CFC-11 eq,0.3233999999999999,0.0162049999999999,1.0535,0.0161,-4.165e-05,1.4092049999999998,1.4091633499999998
Teaching_Building,Baseline,6.1,Smog Potential,kg O3 eq,157500.0,172200.0,1386000.0,154350.0,-1963.5,1870050.0,1868086.5
Teaching_Building,Baseline,6.1,Total Primary Energy,MJ,40600000.0,6615000.0,1358000000.0,7630000.0,12845000.0,1412845000.0,1425690000.0
Teaching_Building,Baseline,6.1,Non-Renewable Energy,MJ,37800000.0,6510000.0,955500000.0,7525000.0,13755000.0,1007335000.0,1021090000.0
Teaching_Building,Baseline,6.1,Fossil Fuel Consumption,MJ,37450000.0,6475000.0,931000000.0,7350000.0,14140000.0,982275000.0,996415000.0
